Period,"Austria, Euro","Belgium, Euro","Bulgaria, Bulgarian lev","Cyprus, Euro","Czech Republic, Czech koruna","Germany, Euro","Denmark, Danish krone","Estonia, Estonian kroon","Estonia, Euro","Spain, Euro","Finland, Euro","France, Euro","Greece, Euro","Croatia, Croatian kuna","Hungary, Hungarian forint","Ireland, Euro","Italy, Euro","Lithuania, Euro","Lithuania, Lithuanian litas","Luxembourg, Euro","Latvia, Euro","Latvia, Latvian lats","Malta, Euro","Malta, Maltese lira","Netherlands, Euro","Poland, Polish zloty","Portugal, Euro","Romania, Romanian leu","Sweden, Swedish krona","Slovenia, Euro","Slovenia, Slovenian tolar","Slovakia, Euro","Slovakia, Slovak koruna"
01/09/2022,0.8,0.84,0.12,0.11,6.1,0.84,1.15,,0.94,0.16,1.2,1.12,0.14,0.06,,0.18,1.16,0.25,,0.73,0.62,,0.59,,1.84,5.44,0.05,6.44,1.65,0.11,,0.77,
01/08/2022,0.37,0.37,0.11,0.06,5.98,0.49,0.25,,0.83,0.01,0.62,0.85,0.11,0.06,8.42,0.06,0.88,0.52,,0.72,0.41,,0.54,,1.53,5.22,0.07,6.22,1.21,0.04,,0.48,
01/07/2022,0.23,0.11,0.09,0.05,5.95,0.31,-0.44,,0.59,0.03,0.32,0.64,0.13,0.05,6.96,0.11,0.66,0.43,,0.15,0.12,,0.48,,1.59,4.85,0.09,5.49,0.9,0.03,,0.21,
01/06/2022,0.12,0.14,0.06,0.05,5.37,0.17,-0.45,,0.49,0.01,0.28,0.44,0.12,0.06,4.78,0.02,0.39,0.2,,0.11,0.16,,0.39,,1.47,4.5,0.07,4.37,0.53,0.03,,0.16,
01/05/2022,0.08,0.07,0.04,0.05,4.53,0.14,-0.5,,0.5,0.01,0.16,0.41,0.12,0.08,4.03,0.02,0.47,0.2,,0.1,0.16,,0.38,,1.23,3.38,0.04,3.21,0.38,0.04,,0.21,
01/04/2022,0.1,0.06,0.04,0.05,4.17,0.14,-0.51,,0.44,0.01,0.22,0.42,0.13,0.07,3.86,0.02,0.44,0.13,,0.04,0.14,,0.4,,1.15,2.03,0.04,2.56,0.32,0.03,,0.24,
01/03/2022,0.08,0.07,0.04,0.05,3.51,0.12,-0.54,,0.47,0.01,0.18,0.48,0.13,0.06,3.48,0.11,0.62,0.24,,0.13,0.33,,0.43,,1.08,1.48,0.04,2.05,0.25,0.03,,0.24,
01/02/2022,0.09,0.07,0.04,0.07,3.47,0.06,-0.59,,0.41,0.01,0.21,0.49,0.14,0.04,2.31,0.13,0.64,0.04,,-0.39,0.32,,0.42,,1,1.2,0.04,1.53,0.19,0.05,,0.36,
01/01/2022,0.09,0.15,0.04,0.06,2.79,0.11,-0.57,,0.45,0.01,0.18,0.48,0.14,0.05,2.19,0.13,0.5,0.05,,-0.16,0.25,,0.4,,0.94,0.99,0.04,1.41,0.22,0.04,,0.24,
01/12/2021,0.07,0.08,0.06,0.06,2.32,-0.07,-0.19,,0.42,0.01,0.17,0.32,0.14,0.08,1.58,0.13,0.52,0.03,,0.1,0.2,,0.35,,1,0.69,0.04,1.39,0.23,0.05,,0.5,
01/11/2021,0.09,0.08,0.05,0.06,2.04,0.09,-0.26,,0.24,0.01,0.11,0.48,0.14,0.06,0.92,0.11,0.69,0.03,,0.05,0.14,,0.36,,1.03,0.44,0.04,1.27,0.2,0.15,,0.48,
01/10/2021,0.08,0.08,0.05,0.06,1.15,0.06,-0.45,,0.21,0.01,0.13,0.47,0.14,0.06,0.8,0.11,0.75,0.05,,0.07,0.14,,0.37,,1,0.35,0.04,1.15,0.26,0.12,,0.52,
01/09/2021,0.09,0.13,0.04,0.06,0.67,-0.01,0.81,,0.26,0.01,0.13,0.39,0.14,0.05,0.55,0.09,0.67,0.06,,0.51,0.24,,0.39,,1.04,0.29,0.04,1.1,0.22,0.13,,0.43,
01/08/2021,0.1,0.16,0.05,0.07,0.57,0.02,0.23,,0.3,0.01,0.14,0.4,0.16,0.05,0.51,0.12,0.49,0.05,,-0.05,0.35,,0.41,,0.95,0.23,0.05,1.14,0.18,0.14,,0.55,
01/07/2021,0.1,0.14,0.03,0.07,0.29,0.02,-0.44,,0.25,0.01,0.14,0.43,0.14,0.06,0.39,0.11,0.51,0.05,,0.02,0.35,,0.44,,1.02,0.22,0.05,1.12,0.2,0.12,,0.63,
01/06/2021,0.11,0.18,0.05,0.07,0.3,-0.04,-0.54,,0.33,0.01,0.13,0.47,0.14,0.05,0.32,0.1,0.47,0.06,,0.21,0.4,,0.45,,1.02,0.22,0.05,1.08,0.23,0.12,,0.46,
01/05/2021,0.1,0.17,0.06,0.07,0.33,0.01,-0.24,,0.49,0.01,0.12,0.4,0.15,0.06,0.31,0.13,0.6,0.06,,0.01,0.51,,0.47,,0.88,0.21,0.05,1.09,0.21,0.14,,0.54,
01/04/2021,0.14,0.21,0.05,0.07,0.23,0.06,-0.53,,0.52,0.01,0.14,0.41,0.16,0.05,0.31,0.1,0.82,0.05,,0.05,0.2,,0.47,,0.96,0.19,0.05,1.07,0.37,0.12,,0.45,
01/03/2021,0.15,0.18,0.05,0.08,0.26,0.06,-0.2,,0.55,0.01,0.15,0.35,0.16,0.07,0.33,0.11,0.82,0.06,,0.07,0.4,,0.46,,0.93,0.2,0.05,1.16,0.29,0.12,,0.44,
01/02/2021,0.14,0.14,0.07,0.08,0.26,0.07,-0.28,,0.53,0.01,0.17,0.47,0.18,0.06,0.28,0.12,0.8,0.06,,-0.03,0.56,,0.49,,0.97,0.26,0.06,1.21,0.35,0.14,,0.54,
01/01/2021,0.18,0.19,0.08,0.08,0.25,0.03,-0.34,,0.54,0.01,0.17,0.55,0.19,0.06,0.24,0.02,0.68,0.06,,0.08,0.27,,0.52,,0.98,0.34,0.07,1.39,0.37,0.11,,0.52,
01/12/2020,0.23,0.41,0.09,0.08,0.28,-0.01,-0.18,,0.49,0.01,0.18,0.28,0.19,0.06,0.25,0.02,0.61,0.07,,-0.22,0.21,,0.52,,0.94,0.51,0.06,1.51,0.3,0.13,,0.49,
01/11/2020,0.14,0.28,0.07,0.09,0.38,0.11,0.06,,0.54,0.11,0.06,0.51,0.21,0.06,0.28,0.02,0.57,0.08,,0.02,0.19,,0.55,,1.03,0.45,0.07,1.48,0.22,0.15,,0.49,
01/10/2020,0.14,0.11,0.08,0.09,0.3,0.1,-0.19,,0.55,0.01,0.13,0.52,0.24,0.06,0.26,0.02,0.82,0.08,,0.07,0.33,,0.56,,0.98,0.42,0.08,1.51,0.24,0.15,,0.61,
01/09/2020,0.13,0.26,0.08,0.1,0.23,0.1,0.78,,0.57,0.01,0.12,0.56,0.24,0.07,0.26,0.02,0.64,0.1,,0.09,0.54,,0.49,,1.05,0.5,0.08,1.54,0.34,0.14,,0.66,
01/08/2020,0.12,0.21,0.08,0.1,0.27,0.16,0.5,,0.58,0.02,0.05,0.53,0.26,0.08,0.25,0.02,0.54,0.1,,0.04,0.44,,0.42,,0.96,0.33,0.08,1.63,0.34,0.17,,0.58,
01/07/2020,0.15,0.19,0.08,0.09,0.32,0.15,-0.08,,0.55,0.03,0.1,0.61,0.25,0.08,0.28,0.02,0.7,0.11,,0.04,0.53,,0.5,,1.02,0.36,0.08,1.69,0.33,0.17,,0.61,
01/06/2020,0.15,0.16,0.07,0.12,0.37,0.17,0.05,,0.73,0.01,0.11,0.81,0.26,0.17,0.51,0.02,0.64,0.11,,0.17,0.68,,0.57,,1.06,0.45,0.08,1.7,0.31,0.18,,0.58,
01/05/2020,0.11,0.08,0.07,0.13,0.4,0.19,-0.01,,0.82,0.01,0.06,0.63,0.28,0.15,0.56,0.02,0.67,0.06,,0.03,0.63,,0.55,,1.05,0.63,0.08,1.71,0.31,0.2,,0.56,
01/04/2020,0.13,0.08,0.08,0.12,0.56,0.14,-0.17,,0.77,0.01,0.07,0.57,0.28,0.09,0.31,0.02,0.91,0.07,,0.02,0.47,,0.46,,1.06,0.93,0.08,1.71,0.31,0.21,,0.41,
01/03/2020,0.1,0.09,0.1,0.11,1.38,0.12,0.03,,0.71,0.01,0.11,0.76,0.29,0.09,0.22,0.02,1.56,0.09,,0.03,0.43,,0.45,,1.01,1.2,0.08,1.72,0.22,0.15,,0.56,
01/02/2020,0.12,0.09,0.09,0.14,1.68,0.15,0.17,,0.78,0.01,0.15,0.79,0.31,0.12,0.22,0.02,1.43,0.11,,0.02,0.3,,0.44,,1.01,1.19,0.08,1.76,0.24,0.04,,0.85,
01/01/2020,0.14,0.07,0.1,0.17,1.57,0.14,0.02,,0.76,0.02,0.11,0.81,0.33,0.16,0.21,0.02,1.14,0.15,,0.07,0.3,,0.5,,0.93,1.24,0.09,1.85,0.21,0.1,,0.82,
01/12/2019,0.14,0.1,0.12,0.16,1.48,0.08,0.16,,0.81,0.02,0.12,0.68,0.35,0.17,0.24,0.02,0.83,0.14,,0.26,0.53,,0.5,,1.07,1.21,0.07,1.89,0.19,0.18,,0.74,
01/11/2019,0.13,0.12,0.12,0.16,1.53,0.18,0.15,,0.87,0.03,0.12,0.86,0.36,0.17,0.27,0.03,0.61,0.11,,0.02,0.57,,0.55,,1.17,1.3,0.08,1.98,0.19,0.17,,0.77,
01/10/2019,0.16,0.11,0.12,0.12,1.57,0.17,-,,0.82,0.03,0.1,0.81,0.39,0.23,0.21,0.02,0.69,0.12,,0.03,0.75,,0.52,,1.19,1.33,0.08,1.92,0.18,0.16,,0.84,
01/09/2019,0.14,0.06,0.11,0.16,1.61,0.14,0.05,,0.84,0.03,0.24,0.95,0.45,0.21,0.19,0.03,0.68,0.14,,0.43,0.53,,0.65,,1.26,1.3,0.08,1.81,0.17,0.16,,0.82,
01/08/2019,0.15,0.11,0.12,0.17,1.56,0.15,-,,0.83,0.03,0.27,0.96,0.54,0.23,0.2,0.04,0.66,0.15,,0.11,0.36,,0.59,,1.29,1.32,0.1,1.79,0.13,0.16,,0.71,
01/07/2019,0.2,0.11,0.12,0.2,1.5,0.12,0.06,,0.92,0.04,0.23,1.15,0.57,0.21,0.18,0.03,0.66,0.14,,0.16,0.57,,0.61,,1.3,1.4,0.11,1.77,0.14,0.15,,0.78,
01/06/2019,0.2,0.16,0.13,0.32,1.53,0.1,0.08,,0.72,0.04,0.33,1.25,0.56,0.21,0.16,0.03,0.68,0.14,,0.32,0.63,,0.58,,1.38,1.4,0.12,1.62,0.16,0.17,,0.57,
01/05/2019,0.19,0.15,0.14,0.34,1.51,0.13,0.04,,0.69,0.04,0.28,1.13,0.55,0.28,0.19,0.04,0.65,0.15,,0.06,0.71,,0.64,,1.34,1.52,0.12,1.64,0.14,0.19,,1.18,
01/04/2019,0.2,0.21,0.13,0.34,1.39,0.29,0.15,,0.6,0.04,0.19,1.08,0.6,0.23,0.2,0.03,0.71,0.14,,0.08,0.63,,0.53,,1.25,1.56,0.12,1.59,0.17,0.16,,1.05,
01/03/2019,0.24,0.18,0.11,0.36,1.35,0.29,-,,0.43,0.04,0.21,0.93,0.58,0.21,0.16,0.03,0.72,0.2,,0.11,0.49,,0.46,,1.23,1.58,0.12,1.57,0.1,0.17,,1.22,
01/02/2019,0.24,0.16,0.12,0.38,1.36,0.29,0.1,,0.44,0.04,0.21,1.1,0.58,0.24,0.21,0.03,0.9,0.2,,0.04,0.46,,0.56,,1.22,1.74,0.13,1.54,0.07,0.18,,1.18,
01/01/2019,0.23,0.2,0.14,0.36,1.37,0.28,-,,0.43,0.04,0.28,0.91,0.61,0.31,0.21,0.03,0.88,0.2,,0.23,0.68,,0.69,,1.14,1.77,0.14,1.6,0.09,0.16,,0.99,
01/12/2018,0.21,0.18,0.18,0.4,1.3,0.28,-0.08,,0.44,0.05,0.21,0.91,0.58,0.38,0.18,0.03,0.86,0.21,,0.13,0.66,,0.65,,1.28,1.83,0.14,1.72,0.09,0.17,,0.99,
01/11/2018,0.21,0.16,0.15,0.54,1.26,0.3,0.12,,0.43,0.04,0.23,0.94,0.57,0.36,0.21,0.03,0.79,0.25,,0.08,0.59,,0.63,,1.36,1.81,0.14,1.73,0.09,0.17,,0.75,
01/10/2018,0.21,0.16,0.14,0.54,1.06,0.28,0.11,,0.37,0.04,0.24,0.93,0.58,0.37,0.19,0.03,0.7,0.21,,0.08,0.56,,0.68,,1.4,1.61,0.15,1.69,0.08,0.16,,0.82,
01/09/2018,0.19,0.13,0.14,0.62,0.98,0.31,-,,0.45,0.04,0.22,0.8,0.6,0.41,0.18,0.03,0.64,0.21,,0.17,0.75,,0.68,,1.45,1.68,0.14,1.54,0.08,0.16,,0.82,
01/08/2018,0.2,0.15,0.15,0.84,0.95,0.3,-,,0.45,0.04,0.28,0.74,0.59,0.43,0.2,0.03,0.64,0.22,,0.11,0.69,,0.52,,1.35,1.58,0.13,1.43,0.08,0.18,,0.67,
01/07/2018,0.21,0.15,0.16,0.85,0.68,0.27,0.6,,0.45,0.04,0.27,0.71,0.62,0.43,0.19,0.03,0.59,0.16,,0.13,0.61,,0.77,,1.48,1.6,0.13,1.33,0.07,0.15,,0.59,
01/06/2018,0.2,0.19,0.14,0.95,0.58,0.3,1.09,,0.36,0.05,0.19,0.81,0.6,0.4,0.18,0.03,0.72,0.16,,0.41,0.57,,0.91,,1.56,1.62,0.15,1.15,0.1,0.16,,0.6,
01/05/2018,0.2,0.22,0.14,1.02,0.56,0.36,1.9,,0.35,0.06,0.3,0.72,0.58,0.51,0.24,0.05,0.76,0.18,,0.17,0.79,,0.9,,1.74,1.59,0.16,1.07,0.1,0.16,,0.61,
01/04/2018,0.21,0.35,0.12,1.04,0.52,0.31,0.51,,0.38,0.06,0.32,0.82,0.62,0.49,0.23,0.05,0.68,0.18,,0.09,0.7,,0.76,,1.49,1.53,0.16,0.98,0.11,0.16,,0.6,
01/03/2018,0.2,0.39,0.13,1.06,0.58,0.3,0.22,,0.37,0.06,0.25,0.86,0.62,0.6,0.24,0.06,0.66,0.19,,0.15,0.64,,0.67,,1.66,1.53,0.16,0.95,0.09,0.16,,0.63,
01/02/2018,0.21,0.22,0.13,1.1,0.58,0.26,0.07,,0.38,0.05,0.31,1.25,0.59,0.58,0.27,0.07,0.67,0.18,,0.13,0.76,,0.65,,1.5,1.54,0.17,0.95,0.08,0.15,,0.55,
01/01/2018,0.23,0.21,0.15,1.11,0.49,0.19,-0.47,,0.38,0.07,0.33,1.18,0.61,0.7,0.23,0.06,0.7,0.21,,0.05,0.55,,0.78,,1.21,1.58,0.17,0.9,0.08,0.14,,0.56,
01/12/2017,0.2,0.15,0.18,1.17,0.44,0.13,0.43,,0.29,0.07,0.35,0.98,0.6,0.66,0.24,0.05,0.71,0.22,,0.2,0.54,,0.78,,1.59,1.52,0.18,0.78,0.08,0.14,,0.6,
01/11/2017,0.23,0.09,0.16,1.22,0.43,0.17,-0.37,,0.35,0.09,0.36,1.1,0.6,0.81,0.25,0.05,0.74,0.18,,0.05,0.49,,0.68,,1.42,1.53,0.2,0.76,0.08,0.13,,0.64,
01/10/2017,0.23,0.14,0.15,1.16,0.25,0.18,0.18,,0.34,0.08,0.37,0.95,0.63,0.79,0.32,0.05,0.74,0.21,,0.09,0.26,,0.63,,1.3,1.5,0.22,0.73,0.07,0.13,,0.59,
01/09/2017,0.24,0.14,0.16,1.24,0.29,0.15,-,,0.33,0.09,0.36,0.99,0.62,0.71,0.31,0.06,0.77,0.17,,0.12,0.29,,0.44,,1.44,1.46,0.21,0.72,0.08,0.14,,0.56,
01/08/2017,0.25,0.14,0.16,1.29,0.23,0.14,0.28,,0.33,0.09,0.34,0.96,0.62,0.73,0.3,0.05,0.91,0.18,,0.07,0.53,,0.37,,1.38,1.5,0.22,0.72,0.08,0.11,,0.55,
01/07/2017,0.25,0.09,0.16,1.26,0.33,0.17,0.66,,0.3,0.09,0.4,1.05,0.63,0.71,0.31,0.05,0.96,0.15,,0.13,0.43,,0.42,,1.32,1.45,0.22,0.77,0.07,0.11,,0.54,
01/06/2017,0.25,0.14,0.19,1.35,0.56,0.22,0.14,,0.33,0.09,0.4,1.02,0.61,0.72,0.32,,0.93,0.14,,0.23,0.41,,0.6,,1.51,1.38,0.28,0.76,0.1,0.11,,0.64,
01/05/2017,0.24,0.13,0.21,1.37,0.86,0.2,-0.14,,0.29,0.09,0.34,0.99,0.64,0.79,0.31,,0.88,0.16,,0.12,0.33,,0.54,,1.49,1.4,0.24,0.78,0.12,0.1,,0.65,
01/04/2017,0.23,0.15,0.19,1.37,1,0.19,0.4,,0.28,0.08,0.43,1.1,0.68,0.79,0.35,,0.9,0.14,,0.23,0.71,,0.6,,1.31,1.43,0.27,0.8,0.15,0.15,,0.72,
01/03/2017,0.25,0.26,0.22,1.33,0.84,0.26,-,,0.27,0.09,0.45,1.09,0.66,0.84,0.32,,0.93,0.15,,0.32,0.47,,0.68,,1.42,1.46,0.29,0.82,0.13,0.11,,0.59,
01/02/2017,0.26,0.17,0.24,1.32,0.67,0.31,-,,0.3,0.08,0.38,1.17,0.67,0.86,0.38,,0.94,0.15,,0.32,0.3,,0.77,,1.26,1.49,0.3,0.83,0.13,0.18,,0.53,
01/01/2017,0.31,0.14,0.31,1.51,0.93,0.28,-,,0.24,0.08,0.44,1.17,0.69,0.94,0.38,,0.83,0.18,,0.37,0.48,,0.84,,1.27,1.51,0.3,0.88,0.14,0.19,,0.59,
01/12/2016,0.3,0.13,0.41,1.47,1.2,0.23,-,,0.27,0.1,0.44,1.02,0.7,1.03,0.54,,1.14,0.16,,0.65,0.5,,0.83,,1.75,1.48,0.32,0.9,0.16,0.23,,1.25,
01/11/2016,0.29,0.1,0.42,1.46,1.13,0.3,0.08,,0.31,0.11,0.48,1.08,0.7,1.13,0.49,,0.96,0.14,,0.48,0.33,,0.65,,1.5,1.57,0.33,0.9,0.15,0.19,,1.25,
01/10/2016,0.31,0.24,0.46,1.47,0.53,0.3,0.16,,0.29,0.12,0.38,0.97,0.76,1.17,0.45,,0.89,0.17,,0.49,0.37,,0.62,,1.54,1.64,0.32,0.92,0.16,0.2,,0.5,
01/09/2016,0.3,0.14,0.52,1.49,0.9,0.32,-,,0.28,0.15,0.4,1.05,0.78,1.19,0.47,,1.09,0.14,,0.4,0.35,,0.63,,1.3,1.63,0.33,0.94,0.17,0.19,,1.25,
01/08/2016,0.33,0.13,0.55,1.52,1.07,0.33,-,,0.26,0.16,0.48,0.93,0.87,1.21,0.47,,1.08,0.13,,0.3,0.26,,0.66,,1.58,1.63,0.36,0.95,0.14,0.21,,1.23,
01/07/2016,0.31,0.18,0.55,1.51,0.7,0.27,0.27,,0.23,0.18,0.42,1.31,0.86,1.29,0.52,,0.86,0.11,,0.17,0.35,,0.99,,1.54,1.7,0.37,1.01,0.18,0.2,,0.85,
01/06/2016,0.29,0.87,0.59,1.49,1.31,0.27,-,,0.26,0.2,0.57,1.31,0.86,1.39,0.57,,1.3,0.11,,0.34,0.38,,1.21,,1.57,1.54,0.4,1.07,0.2,0.19,,1.33,
01/05/2016,0.31,1.95,0.59,1.49,0.88,0.34,-,,0.24,0.21,0.58,1.24,0.85,1.39,0.53,,1.08,0.13,,0.34,0.36,,1.29,,1.62,1.54,0.42,1.09,0.21,0.2,,1.17,
01/04/2016,0.32,0.3,0.62,1.58,0.87,0.35,0.2,,0.18,0.23,0.48,1.29,0.87,1.54,0.71,,1.27,0.14,,0.2,0.33,,1.23,,1.58,1.58,0.46,1.12,0.24,0.2,,1.15,
01/03/2016,0.32,0.29,0.64,1.52,1.15,0.34,0.48,,0.18,0.27,0.67,1.38,0.88,1.59,0.82,,1.18,0.12,,0.32,0.34,,1.36,,1.55,1.62,0.47,1.18,0.24,0.24,,1.2,
01/02/2016,0.33,0.24,0.78,1.53,1.15,0.34,-,,0.17,0.3,0.71,1.41,0.91,1.94,0.85,,1.15,0.12,,0.27,0.23,,1.12,,1.45,1.66,0.49,1.21,0.21,0.25,,0.98,
01/01/2016,0.33,0.25,0.97,1.54,1.18,0.35,-,,0.25,0.33,0.74,1.59,1.01,1.93,0.97,,1.17,0.14,,0.19,0.38,,1.02,,1.43,1.71,0.53,1.27,0.24,0.25,,1.48,
01/12/2015,0.36,0.2,1.16,1.54,1.44,0.28,-,,0.17,0.35,0.83,1.37,1.01,1.98,0.99,,1.26,0.14,,0.51,0.43,,0.92,,1.66,1.76,0.53,1.47,0.2,0.28,,1.47,
01/11/2015,0.37,0.28,1.07,1.51,0.95,0.34,0.55,,0.22,0.37,0.85,1.36,1,2.01,1.02,,1.12,0.13,,0.52,0.11,,0.8,,1.79,1.78,0.6,1.58,0.19,0.28,,1.81,
01/10/2015,0.38,0.57,1.1,1.53,1.1,0.34,-,,0.21,0.41,0.92,1.38,1.06,2.08,1.03,,1.06,0.14,,0.35,0.21,,0.82,,1.83,1.75,0.66,1.63,0.22,0.28,,1.22,
01/09/2015,0.36,1.68,1.23,1.52,1.21,0.34,-,,0.19,0.38,0.96,1.34,1.17,2.12,0.9,,1.04,0.14,,0.41,0.2,,0.85,,1.89,1.74,0.61,1.64,0.2,0.31,,1.41,
01/08/2015,0.34,1.83,1.21,1.59,1.26,0.32,-,,0.26,0.38,0.97,1.24,1.18,2.14,0.87,,1.2,0.13,,0.41,0.23,,0.88,,1.8,1.75,0.66,1.63,0.16,0.33,,1.64,
01/07/2015,0.35,1.93,1.24,1.66,0.97,0.33,0.64,,0.26,0.38,0.96,1.32,1.29,2.1,0.98,,1.18,0.15,,0.25,0.2,,0.93,,1.86,1.77,0.68,1.68,0.2,0.31,,1.38,
01/06/2015,0.35,1.03,1.3,1.66,1.35,0.29,0.62,,0.24,0.4,0.96,1.14,1.8,2.18,1.06,,1.27,0.14,,0.34,0.31,,1.07,,1.41,1.74,0.71,1.79,0.24,0.36,,1.47,
01/05/2015,0.38,1.06,1.36,1.65,0.96,0.36,0.64,,0.28,0.41,1.02,1.24,1.8,2.14,1.16,,1.21,0.15,,0.23,0.23,,1.07,,1.77,1.78,0.73,2.01,0.31,0.37,,1.83,
01/04/2015,0.4,1.09,1.55,1.75,1.25,0.34,0.59,,0.61,0.42,1.05,1.32,1.82,2.16,1.39,,1.24,0.18,,0.29,0.28,,1.09,,1.77,1.92,0.91,2.17,0.34,0.39,,1.78,
01/03/2015,0.41,1.46,1.7,1.73,1.56,0.39,0.35,,0.36,0.45,1.04,1.54,1.82,2.21,1.59,,1.24,0.23,,0.29,0.31,,1.14,,1.7,2.08,0.92,2.32,0.45,0.46,,2.02,
01/02/2015,0.41,0.82,1.88,2.3,1.41,0.53,0.47,,0.37,0.49,1.07,1.67,1.81,2.16,1.62,,1.34,0.34,,0.28,0.37,,1.26,,1.73,2.27,1.07,2.4,0.54,0.51,,2.13,
01/01/2015,0.43,0.22,2.25,2.67,1.15,0.53,0.21,,0.35,0.56,1.03,1.8,1.8,2.24,1.59,,1.29,0.45,,0.32,0.53,,1.22,,1.71,2.25,1.2,2.64,0.62,0.58,,2.12,
01/12/2014,0.45,0.31,2.45,2.63,1.05,0.37,0.43,,0.39,0.59,0.93,1.48,1.82,2.26,1.65,,1.21,0.28,0.39,0.13,0.61,,1.21,,1.61,2.31,1.26,2.78,0.63,0.66,,1.7,
01/11/2014,0.49,0.19,2.3,2.59,1.21,0.51,0.71,,0.39,0.59,1.04,1.67,1.85,2.39,1.57,,1.27,0.28,0.32,0.14,0.32,,1.38,,1.63,2.24,1.34,2.93,0.7,0.74,,1.93,
01/10/2014,0.53,0.33,2.47,2.67,1.06,0.51,0.65,,0.38,0.62,1.05,1.64,1.91,2.3,1.54,,1.35,0.27,0.34,0.4,0.33,,1.35,,1.75,2.51,1.3,2.98,0.92,0.81,,1.52,
01/09/2014,0.55,2,2.57,2.59,0.97,0.51,0.7,,0.37,0.69,1.09,1.68,2.07,2.33,1.59,,1.46,0.27,0.32,0.3,0.3,,1.35,,1.99,2.8,1.33,3.02,0.93,0.85,,1.67,
01/08/2014,0.54,2.03,2.53,2.6,0.81,0.54,0.67,,0.44,0.73,1.05,1.7,2.12,2.41,1.65,,1.5,0.19,0.25,0.33,0.38,,1.61,,1.62,2.71,1.5,2.97,0.89,0.89,,1.37,
01/07/2014,0.56,1.53,2.79,2.62,0.62,0.53,0.66,,0.36,0.79,1.11,1.86,2.27,2.32,1.66,,1.59,0.34,0.34,0.45,0.29,,1.49,,1.96,2.64,1.64,3.08,1,0.93,,1.4,
01/06/2014,0.6,1.44,2.95,2.56,0.87,0.63,0.67,,0.36,0.86,1.06,1.66,2.36,2.53,1.79,,1.74,0.34,0.31,0.32,0.32,,1.58,,1.95,2.61,1.54,3.17,1.34,1,,1.58,
01/05/2014,0.61,1.24,3.24,2.49,1.06,0.64,0.74,,0.37,0.94,1.13,1.57,2.51,2.43,1.92,,1.78,0.36,0.34,0.39,0.37,,1.54,,1.99,2.63,1.71,3.25,1.37,1.04,,1.51,
01/04/2014,0.65,1.2,3.21,2.67,1.1,0.65,0.68,,0.38,0.96,1.18,1.49,2.71,2.46,1.97,,1.83,0.37,0.39,0.34,0.35,,1.67,,2.1,2.63,1.82,3.34,1.42,1.07,,1.34,
01/03/2014,0.63,0.8,3.27,2.45,1.42,0.65,0.69,,0.35,1.05,1.06,1.72,2.81,2.53,2.08,,1.87,0.35,0.35,0.37,0.29,,1.82,,1.93,2.58,1.78,3.47,1.44,1.15,,1.24,
01/02/2014,0.64,0.39,3.4,2.35,1.42,0.73,0.61,,0.38,1.16,1.09,1.75,2.8,2.47,2.26,,1.85,0.34,0.41,0.27,0.42,,1.76,,1.96,2.55,1.88,3.57,1.52,1.22,,1.43,
01/01/2014,0.68,0.55,3.66,2.36,1.37,0.7,0.67,,0.36,1.21,1.16,1.89,2.8,2.72,2.28,,1.82,0.42,0.51,0.35,0.57,,1.9,,1.76,2.55,2,3.79,1.54,1.36,,1.7,
01/12/2013,0.65,0.31,3.52,2.23,1.28,0.61,0.99,,0.36,1.23,0.98,1.58,2.8,2.73,2.48,,1.81,0.49,0.57,0.33,0.54,0.67,1.84,,1.7,2.57,1.85,3.96,1.62,1.46,,1.15,
01/11/2013,0.68,0.37,3.64,2.2,1.2,0.69,0.87,,0.42,1.32,1.11,1.56,2.82,2.78,2.67,,1.91,0.41,0.46,0.22,0.36,0.47,1.83,,1.66,2.56,1.91,4.11,1.74,1.48,,1.46,
01/10/2013,0.73,0.51,3.72,2.36,1.05,0.66,1.37,,0.41,1.42,1.12,1.62,2.96,2.83,2.91,,1.9,0.39,0.45,0.19,0.4,0.41,1.84,,1.63,2.55,1.96,4.23,1.72,1.56,,1.28,
01/09/2013,0.67,1.26,3.77,2.2,1.01,0.67,1.43,,0.36,1.38,1.1,1.48,3.09,2.95,3.16,,1.82,0.4,0.43,0.26,0.31,0.4,1.89,,1.82,2.49,1.95,4.43,1.86,1.65,,1.27,
01/08/2013,0.62,1.23,3.79,2.18,0.96,0.7,0.72,,0.37,1.38,1.1,1.61,3.28,2.94,3.29,,2.19,0.41,0.42,0.49,0.26,0.49,1.87,,2.07,2.42,1.99,4.6,1.84,1.78,,1.32,
01/07/2013,0.66,1.21,3.86,2.24,1.39,0.68,0.76,,0.36,1.44,1.05,1.78,3.46,2.98,3.48,,2.01,0.45,0.46,0.85,0.41,0.69,1.9,,1.98,2.48,2.06,4.78,1.83,1.89,,1.67,
01/06/2013,0.68,1.55,3.85,2.34,1.38,0.71,0.78,,0.39,1.41,1,1.64,3.89,3.07,3.8,,2.03,0.38,0.28,0.28,0.36,0.62,1.88,,2.31,2.55,2,4.93,1.85,1.97,,1.2,
01/05/2013,0.72,1.13,3.91,2.5,1.16,0.77,0.77,,0.33,1.55,1.13,1.58,4.05,3.16,3.96,,2.13,0.32,0.41,0.39,0.35,0.69,1.94,,2.52,2.8,2.18,5.15,1.9,2.01,,1.95,
01/04/2013,0.81,0.81,3.91,3.67,1.1,0.76,0.81,,0.34,1.53,1.12,1.66,4.19,3.26,4.31,,2.32,0.34,0.44,0.83,0.45,0.66,1.94,,2.21,3.09,2.38,5.37,1.91,2.01,,2.12,
01/03/2013,0.85,0.43,4.18,4.34,1.21,0.73,0.61,,0.37,1.49,1.1,1.58,4.36,3.16,4.78,,2.44,0.49,0.58,0.42,0.41,0.62,1.98,,2.15,3.34,2.35,5.55,1.93,2.1,,1.85,
01/02/2013,0.83,0.36,4.43,4.52,1.78,0.88,0.89,,0.46,1.65,1.09,1.72,4.46,3.29,5.19,,2.65,0.45,0.62,0.89,0.31,0.65,2.18,,2.31,3.74,2.47,5.53,1.95,2.18,,1.77,
01/01/2013,0.86,0.81,4.59,4.53,1.56,0.83,0.77,,0.41,2.43,1.11,1.8,4.59,3.34,5.59,,2.55,0.46,0.71,-,0.72,1.09,2.07,,2.42,3.96,2.47,5.62,2,2.28,,1.81,
01/12/2012,0.83,0.73,4.71,4.52,1.5,0.75,0.68,,0.41,2.97,1.04,1.73,4.68,3.27,5.9,,2.65,0.55,0.69,0.5,0.68,1.1,1.93,,2.55,4.22,2.34,5.65,2.13,2.24,,1.82,
01/11/2012,0.89,0.99,4.65,4.47,1.29,0.96,0.71,,0.37,3.01,1.14,1.61,4.59,3.35,6.07,,2.67,0.56,0.71,0.39,0.34,0.62,1.92,,2.57,4.48,2.44,5.71,2.19,2.28,,1.54,
01/10/2012,0.96,0.91,4.63,4.45,1.12,0.97,0.68,,0.49,2.83,1.22,2.08,4.62,3.56,6.27,,2.74,0.58,0.84,0.8,0.43,0.88,1.98,,2.72,4.77,2.6,5.63,2.3,2.28,,1.96,
01/09/2012,0.94,0.54,4.78,4.43,0.74,1.17,0.71,,0.55,2.9,1.31,1.81,4.59,3.76,6.71,,2.73,0.61,0.79,0.31,0.39,1,1.92,,2.85,4.78,2.6,5.57,2.48,2.23,,1.88,
01/08/2012,0.97,0.52,4.8,4.43,0.72,1.16,0.66,,0.66,2.53,1.33,1.8,4.54,3.7,6.78,,2.81,0.73,0.88,0.8,0.53,1.08,2.15,,2.78,4.82,2.77,5.6,2.59,2.23,,2.39,
01/07/2012,1.13,0.53,4.88,4.41,0.69,1.26,0.75,,0.87,2.5,1.49,1.9,4.82,3.69,6.79,,2.96,0.82,1.01,0.78,0.87,1.2,1.94,,2.68,4.91,3.05,5.61,2.59,2.27,,2.34,
01/06/2012,1.2,0.53,4.83,4.33,1.05,1.15,0.79,,0.84,2.38,1.58,1.75,5.01,3.56,6.98,,2.81,0.83,0.99,0.49,1,1.16,2.39,,2.45,4.94,2.99,5.58,2.6,2.29,,2.09,
01/05/2012,1.4,0.52,4.94,4.35,1.02,1.21,0.9,,0.82,2.32,1.67,1.86,4.9,3.54,6.93,,2.69,0.79,0.91,0.59,0.8,1.13,2.1,,2.57,4.67,3.15,5.68,2.61,2.37,,2.07,
01/04/2012,1.48,0.53,4.94,4.35,1.06,1.27,0.93,,0.87,2.38,1.65,1.92,4.96,3.54,6.97,,2.73,1.04,1.16,0.91,1.02,1.4,1.83,,2.67,4.58,3.27,5.93,2.69,2.38,,2.24,
01/03/2012,1.62,0.48,5.04,4.34,1.28,1.25,0.98,,0.99,2.56,1.76,2.09,4.93,3.82,6.92,,3.1,1.13,1.18,0.5,0.99,1.4,1.92,,2.8,4.58,3.6,6.25,2.78,2.38,,2.28,
01/02/2012,1.76,0.55,5.11,4.29,1.18,1.33,0.89,,1.12,2.64,1.78,2.18,4.86,4.56,6.64,,3.21,1.07,1.24,0.68,1.05,1.12,1.89,,3.03,4.67,3.52,6.52,2.93,2.35,,2.29,
01/01/2012,1.84,0.88,5.53,4.28,1.21,1.43,0.98,,1.35,2.73,1.99,2.25,4.79,3.61,6.57,,3.39,1.33,1.56,0.91,1.46,1.54,1.96,,3.16,4.78,3.75,6.67,3.01,2.39,,2.16,
01/12/2011,1.83,1.03,5.44,4.25,1.12,1.38,1.14,,1.52,2.73,1.95,2.2,4.86,3.65,6.21,,3.46,1.27,1.58,0.98,1.86,1.84,1.99,,2.84,4.74,3.56,6.6,2.99,2.28,,1.92,
01/11/2011,1.99,1.1,5.4,4.17,0.98,1.53,1.24,,1.52,2.74,2.05,2.13,4.61,,5.73,,3.12,1.4,1.48,1.12,1.74,1.52,1.88,,3.1,4.64,3.54,6.61,2.9,2.27,,1.88,
01/10/2011,1.98,1.25,5.38,4.15,0.75,1.57,1.33,,1.48,2.62,2.09,2.2,4.49,,5.67,,3.1,1.32,1.43,1.21,1.76,0.61,1.87,,3.12,4.47,4.57,6.56,2.88,2.24,,2,
01/09/2011,1.8,1.27,5.39,4.14,1.53,1.51,1.41,,1.44,2.74,2.14,2.21,4.36,,5.69,,2.55,1.24,1.4,1.08,1.68,0.51,1.87,,2.82,4.36,4.05,6.54,2.85,2.17,,1.78,
01/08/2011,1.78,1.43,5.37,4.13,1.51,1.51,1.48,,1.42,2.53,2.07,2.17,4.3,,5.6,,2.41,1.31,1.37,1.13,1.68,0.63,1.89,,2.36,4.33,4,6.63,2.83,2.18,,1.58,
01/07/2011,1.74,1.57,5.28,4.11,0.84,1.54,1.44,,1.42,2.61,2.1,2.18,4.28,,5.51,,2.06,1.28,1.32,1.27,1.73,0.8,1.82,,2.45,4.24,3.82,6.73,2.79,2.2,,1.96,
01/06/2011,1.67,1.44,5.38,4.02,0.95,1.41,1.37,,1.37,2.65,2.14,2.07,4.08,,5.5,,1.99,1.26,1.31,1.04,1.82,0.68,1.89,,2.29,4.1,3.5,6.72,2.8,2.2,,2.02,
01/05/2011,1.59,1.26,5.21,4.01,0.8,1.37,1.28,,1.36,2.62,2.07,2.05,3.93,,5.41,,1.73,0.92,1.23,1.07,1.56,0.5,1.82,,2.44,3.83,3.41,6.8,2.8,2.15,,2.13,
01/04/2011,1.46,1.13,5.49,4,0.67,1.35,1.25,,1.22,2.53,1.94,2.08,3.87,,5.31,,1.67,0.72,1.11,0.97,1.53,0.56,1.88,,2.43,3.76,3.24,6.92,2.53,2.08,,1.96,
01/03/2011,1.36,0.87,5.44,4,0.69,1.17,1.13,,1.09,2.55,1.85,1.96,3.73,,5.43,,1.66,0.7,1.16,0.83,1.52,0.43,1.87,,2.51,3.73,3,7.06,2.5,2.04,,1.83,
01/02/2011,1.29,0.87,5.61,4.02,0.73,1.22,1.05,,1.17,2.48,1.82,2.01,3.75,,5.54,,1.61,0.69,1.24,0.83,1.62,1.09,1.94,,2.47,3.64,2.82,7.13,2.33,1.98,,2.33,
01/01/2011,1.28,0.9,5.82,4.01,0.74,1.27,1.04,,1.07,2.58,1.78,1.91,3.74,,5.35,,1.5,0.76,1.36,0.82,1.87,1.9,2.1,,2.46,3.55,2.7,7.23,2.13,2.04,,2.25,
01/12/2010,1.22,0.75,5.83,3.98,0.69,1.08,1.04,1.07,1.19,2.68,1.67,1.87,3.66,,5.19,,1.4,1.04,1.54,0.8,2.14,1.87,1.96,,2.49,3.53,2.56,7.63,1.87,1.94,,1.97,
01/11/2010,1.22,0.88,5.83,3.97,0.75,1.16,0.98,1.03,0.91,2.75,1.73,1.83,3.63,,4.91,,1.28,0.82,1.6,0.79,1.56,1.58,1.77,,2.49,3.56,2.45,7.49,1.74,1.88,,2.21,
01/10/2010,1.23,0.89,5.66,3.96,0.69,1.12,0.9,1.7,0.98,2.61,1.61,1.91,3.67,,4.53,,1.25,0.86,1.7,0.75,1.65,1.89,1.82,,2.42,3.54,2.29,7.4,1.43,1.86,,2.01,
01/09/2010,1.03,0.73,5.65,3.96,0.65,1.03,0.83,0.95,0.99,2.71,1.5,1.8,3.59,,4.79,,1.39,0.8,1.68,0.68,1.76,2.25,1.88,,2.44,3.53,1.91,7.51,1.39,1.85,,1.85,
01/08/2010,1.01,0.78,5.75,3.94,0.56,1.03,0.82,1.08,0.97,2.46,1.65,1.82,3.64,,4.88,,1.4,0.81,1.65,0.74,1.97,3.08,1.88,,2.31,3.52,1.81,7.47,1.18,1.82,,1.87,
01/07/2010,1.05,0.87,5.92,3.92,0.59,1.08,0.84,2.07,1.05,2.56,1.51,1.42,3.71,,4.78,,1.31,0.74,1.54,0.69,1.96,3.11,1.91,,2.5,3.59,1.75,7.53,1.12,1.87,,1.28,
01/06/2010,0.97,0.69,5.97,3.87,0.76,0.95,0.87,1.96,1.04,2.49,1.55,1.41,3.59,,4.55,,1.29,0.77,1.66,0.6,1.86,-,1.78,,2.69,3.64,1.4,7.26,0.91,1.83,,1.36,
01/05/2010,0.94,0.78,6.11,3.88,0.74,0.96,0.93,1,1.06,2.12,1.49,1.4,3.42,,5.08,,0.98,1,1.86,0.42,1.45,3.22,1.78,,2.26,3.78,1.13,7.25,0.91,1.72,,1.46,
01/04/2010,0.99,0.77,6.26,3.87,0.83,1.07,1.05,1.18,1.03,2.3,1.45,1.39,2.98,,5.3,,0.95,1.03,1.87,0.41,1.75,4.12,1.81,,2.17,3.85,1.23,7.82,0.85,1.66,,1.73,
01/03/2010,1.04,0.71,6.57,3.95,0.94,1.35,1.11,1.38,0.9,2.15,1.36,1.47,2.61,,5.53,,0.94,1.22,2.21,0.36,1.46,5.18,1.87,,2.41,3.87,1.29,8.4,0.82,1.69,,1.55,
01/02/2010,1.09,0.65,6.91,4,0.98,1.21,0.99,1.76,1.03,1.99,1.35,1.45,2.35,,5.9,,0.95,1.52,3.35,0.44,1.81,6.74,1.56,,2.15,3.8,1.32,8.94,0.74,1.75,,1.68,
01/01/2010,1.16,0.69,7.2,4.15,0.94,1.12,1.15,2.61,1.18,2.09,1.42,1.44,2.17,,6.25,,0.95,1.91,4.72,0.48,2.35,9.81,1.91,,2.15,3.91,1.41,9.67,0.78,1.91,,1.97,
01/12/2009,1.21,0.73,7.5,4.13,1.06,0.87,1.26,3.44,1.14,2.15,1.32,1.43,2.1,,6.63,,1.01,1.99,5.89,0.5,3.17,11.35,1.97,,2.51,4.03,1.52,9.95,0.7,2,,1.88,
01/11/2009,1.25,0.87,7.74,4.11,1.16,1.04,1.25,3.98,1.09,2.17,1.47,1.31,2.01,,7.18,,1.03,1.67,6.89,0.47,2.49,10,1.78,,2.55,4.2,1.55,9.87,0.83,1.97,,1.64,
01/10/2009,1.23,0.81,7.88,4.15,1.15,1.03,1.28,4.37,1.36,2.19,1.25,1.28,2.08,,7.57,,1.05,2.01,7.33,0.46,2.33,9.55,1.86,,2.49,4.25,1.49,9.92,0.96,2.04,,1.3,
01/09/2009,1.23,0.95,7.95,4.11,1.1,1.01,1.4,4.64,1.41,2.1,1.16,1.38,2.08,,8.7,,1.05,2.69,7.44,0.49,2.56,9.75,1.79,,2.3,4.24,1.46,10.27,0.83,2.14,,1.36,
01/08/2009,1.23,0.94,8.19,4.05,1.2,1.18,1.5,4.42,0.88,2.28,1.17,1.36,2.24,,9.23,,1.05,3.06,7.99,0.45,2.87,9.84,1.87,,1.92,4.25,1.53,10.69,0.78,2.27,,1.24,
01/07/2009,1.28,0.96,7.98,4.06,1.37,1.45,1.64,4.87,1.15,2.36,1.22,1.54,2.34,,10.03,,1.21,3.47,7.72,0.57,3.2,11.94,1.86,,2.01,4.32,1.79,11.91,0.91,2.35,,1.14,
01/06/2009,1.44,1.04,8.15,4.06,1.57,1.29,1.73,4.86,1.23,2.37,1.36,1.64,2.55,,10.26,,1.24,3.37,7.52,0.71,3.26,14.8,1.86,,2.2,4.41,1.84,13.59,1.16,2.4,,1.27,
01/05/2009,1.45,1.05,8.24,4.08,1.54,1.34,1.98,4.86,1.24,2.41,1.34,1.62,2.58,,10.47,,1.38,3.18,6.51,0.69,2.94,8.44,2.55,,2.35,4.5,2.04,15.01,1.01,2.28,,1.24,
01/04/2009,1.53,1.11,8.12,4.25,1.64,1.32,2.3,4.94,1.23,2.47,1.41,1.75,2.84,,10.47,,1.62,4.04,6.9,0.77,3.39,7.68,2.05,,2.42,4.49,2.2,15.79,0.84,2.44,,1.29,
01/03/2009,1.85,1.59,7.82,4.68,1.67,1.46,2.76,4.99,1.57,2.75,1.58,2.13,3.25,,9.97,,1.8,,,0.98,3.26,7.55,2.01,,2.83,4.97,2.47,16.23,1.9,2.82,,1.52,
01/02/2009,2.23,1.83,7.74,5.36,1.73,1.94,3.31,4.74,1.91,3.09,1.83,2.09,3.87,,9.97,,1.98,,,1.3,2.95,7.29,2.02,,3.3,5.39,2.72,16.36,1.69,3.4,,1.89,
01/01/2009,2.8,2.23,8.16,6.15,2.3,2.67,3.77,5.38,3.07,3.43,2.41,2.58,4.89,,10.42,,2.41,,,1.81,3.19,8.67,2.7,,4.28,6.15,3.22,16.1,2.16,4.08,,2.06,
01/12/2008,3.55,2.88,8.03,6.03,2.55,3.21,4.62,5.86,4.21,4.17,3.26,3.27,5.36,,11.39,,3.01,,,2.59,3.61,9.37,3.05,,4.3,6.51,3.68,15.29,2.95,4.45,,2.93,3.12
01/11/2008,4.46,3.73,7.08,5.74,2.85,3.89,5.19,5.88,4.51,4.6,4.2,3.92,5.21,,11.68,,3.79,,,3.45,3.79,7.97,3.4,,4.39,6.2,4.28,14.13,4.44,4.56,,3.42,3.36
01/10/2008,4.77,4.52,6.28,5.72,3.06,4.49,5.07,5.62,4.51,5.07,5.04,4.69,5.37,,8.87,,3.73,,,4.36,4.27,7.49,3.92,,4.86,6.02,4.66,11.82,4.18,4.65,,3.96,3.64
01/09/2008,4.59,4.55,5.97,5.6,2.97,4.48,4.59,5.23,4.18,4.87,4.97,4.54,5.11,,7.88,,3.14,,,4.33,4.33,6.56,4.09,,4.6,5.79,4.47,11.16,4.22,4.53,,4.13,3.61
01/08/2008,4.48,4.48,5.88,5.47,2.95,4.51,4.53,5,4.01,4.81,4.91,4.42,4.97,,8.14,,3.15,,,4.19,4.57,6.55,4.14,,4.59,5.45,4.46,10.66,4.48,4.39,,3.91,3.66
01/07/2008,4.44,4.46,5.79,5.36,3.08,4.43,4.53,5.02,4.02,4.85,4.92,4.47,5.08,,7.57,,3.17,,,4.22,4.72,6.62,4.09,,4.62,5.29,4.52,10.31,4.59,4.4,,3.98,3.5
01/06/2008,4.29,4.36,5.29,5.11,3.09,4.27,4.4,5,3.93,4.68,4.88,4.34,4.84,,7.61,,3.1,,,4.14,4.51,6.84,3.91,,4.41,5.27,4.23,9.99,4.5,4.3,,3.84,3.5
01/05/2008,4.21,4.21,5.07,4.73,3.1,4.18,4.29,4.94,3.88,4.55,4.68,4.2,4.72,,7.5,,3.01,,,4.06,4.39,6.42,3.87,,4.29,5.15,4.19,9.31,4.01,4.2,,3.71,3.48
01/04/2008,4.16,4.18,5.18,4.56,3.05,4.13,4.26,4.96,3.93,4.51,4.6,4.16,4.67,,7.36,,2.93,,,4.07,4.4,6.76,3.85,,4.23,5.13,4.13,8.98,3.92,4.14,,3.83,3.47
01/03/2008,4.04,4.08,4.85,4.32,3.03,4.01,4.21,4.89,3.9,4.37,4.41,4.03,4.42,,6.96,,2.87,,,3.97,4.45,7.77,3.83,,4.07,4.9,4,8.11,3.81,4.03,,3.71,3.41
01/02/2008,4.02,4.02,4.67,4.17,2.94,3.91,4.14,4.76,3.65,4.57,4.22,3.93,4.29,,6.88,,2.83,,,3.83,4.3,7.49,3.92,,3.95,4.7,3.95,7.36,3.63,3.95,,3.57,3.44
01/01/2008,4.19,4.07,4.75,4.13,2.76,4.08,4.16,4.7,3.79,4.55,4.37,4.01,4.35,,6.86,,2.89,,,3.9,4.36,8.35,3.85,,4.16,4.31,4,6.98,3.42,4.08,,3.86,3.49
01/12/2007,4.28,4.21,4.63,3.99,2.82,4.22,4.22,4.95,4.21,4.49,4.68,4.18,4.51,,7.19,,2.94,,,4.04,4.35,8.65,3.88,3.96,4.25,4.16,4.16,6.92,3.8,4.04,,-,3.28
01/11/2007,4.2,4,4.53,4.21,2.53,4.03,4.13,4.19,4,4.33,4.47,3.98,4.23,,7.11,,2.87,,,3.82,4.23,8.2,3.4,4,4.08,4.06,3.96,6.86,3.43,3.83,,-,3.39
01/10/2007,4.26,4.04,4.23,4.18,2.53,4,4.12,3.96,3.97,4.35,4.44,3.99,4.24,,6.53,,2.81,,,3.8,4.13,8.34,3.58,4,4.19,4.04,4.11,6.68,3.31,3.89,,-,3.36
01/09/2007,4.16,4.03,4.12,4.14,2.51,4.01,4.04,3.91,3.88,4.21,4.5,4.05,4.24,,7.23,,2.76,,,3.87,4.04,7,3.79,3.97,4.11,3.95,3.95,6.49,3.39,3.61,,-,3.45
01/08/2007,4.03,3.97,4.25,4.12,2.27,3.94,4.04,3.89,3.82,3.96,4.33,3.87,4.09,,7.49,,2.74,,,3.7,3.91,5.95,-,-,4.01,3.82,3.75,6.34,3.25,3.41,,-,3.34
01/07/2007,3.94,4.05,4.12,4.09,2.09,3.84,3.95,3.82,3.86,3.88,4.11,3.83,4,,7.1,,2.68,,,3.54,3.83,4.45,-,-,3.92,3.78,3.73,6.37,3.3,3.36,,-,3.33
01/06/2007,3.9,3.96,4.08,4.08,2.09,3.72,3.82,3.77,3.71,3.78,4.07,3.79,3.95,,7.15,,2.62,,,3.55,3.78,5.39,2.71,3.77,3.85,3.58,3.6,6.52,3.4,3.26,,-,3.49
01/05/2007,3.75,3.64,3.99,4.05,1.83,3.6,3.68,3.55,3.68,3.67,3.94,3.61,3.74,,7.04,,2.62,,,3.45,3.57,5.9,-,-,3.75,3.51,3.53,6.71,3.2,3.15,,-,3.23
01/04/2007,3.61,3.65,4.01,4.03,1.87,3.54,3.59,3.51,3.52,3.65,3.84,3.56,3.74,,7.09,,2.53,,,3.43,3.4,5.53,-,-,3.71,3.38,3.45,6.79,2.86,3.07,,-,2.91
01/03/2007,3.51,3.63,4.04,4.03,1.88,3.48,3.62,3.35,3.47,3.57,3.77,3.52,3.64,,7.22,,2.42,,,3.39,3.47,4.4,3.04,3.72,3.7,3.4,3.33,6.82,2.99,3.01,,-,3.17
01/02/2007,3.37,3.49,4.08,4.04,1.88,3.33,3.43,3.22,3.29,3.38,3.67,3.46,3.51,,7.42,,2.39,,,3.2,3.26,3.71,,,3.6,3.4,3.21,6.87,2.94,2.91,,-,3.93
01/01/2007,3.31,3.42,4.17,4.05,1.86,3.34,3.24,3.24,3.36,3.27,3.62,3.42,3.5,,7.63,,2.32,,,3.2,3.18,3.75,,,3.57,3.37,3.24,6.93,2.82,2.83,,-,3.58
01/12/2006,3.27,3.36,,4.05,1.84,3.23,3.04,3.16,3.41,3.22,3.56,3.36,3.47,,7.68,,2.26,,,3.17,3.3,3.79,,,3.5,3.32,3.27,,2.63,2.73,2.84,-,3.92
01/11/2006,3.17,3.1,,4.06,1.82,3.05,2.94,3.11,3.26,3.11,3.42,3.22,3.26,,7.19,,2.16,,,2.95,3.12,3.67,,,3.34,3.35,3.07,,2.41,2.66,2.81,-,3.83
01/10/2006,3.1,3.1,,4.06,1.78,2.97,2.91,3.02,3.1,3.05,3.31,3.25,3.24,,6.71,,2.1,,,2.82,2.89,3.29,,,3.34,3.38,2.91,,2.21,2.51,2.8,-,3.92
01/09/2006,2.95,,,4.06,1.58,2.82,2.79,2.86,2.98,2.95,3.18,3.04,3.03,,5.96,,2.01,,,2.66,2.77,3.68,,,3.16,3.31,2.67,,2.24,2.38,2.82,-,3.85
01/08/2006,2.89,,,3.86,1.54,2.75,2.83,2.81,2.91,2.92,3.07,2.86,2.95,,6.72,,1.94,,,2.56,2.7,3.91,,,3.07,3.32,2.59,,1.98,2.26,2.81,-,3.58
01/07/2006,2.76,,,3.86,1.4,2.63,2.67,2.66,2.79,2.84,2.93,2.72,2.84,,5.83,,1.88,,,2.63,2.61,3.73,,,3,3.35,2.51,,1.96,2.21,2.86,-,3.2
01/06/2006,2.72,,,3.87,1.4,2.49,2.6,2.56,2.81,2.64,2.82,2.66,2.76,,5.39,,1.81,,,2.56,2.49,3.17,,,2.94,3.34,2.28,,1.92,2.03,2.98,-,3.23
01/05/2006,2.58,,,3.94,1.38,2.37,2.45,2.4,2.5,2.59,2.71,2.49,2.66,,5.43,,1.76,,,2.41,2.37,3.24,,,2.83,3.27,2.22,,1.61,1.98,2.99,-,2.57
01/04/2006,2.51,,,3.97,1.37,2.32,2.42,2.4,2.62,2.51,2.64,2.45,2.63,,5.39,,1.73,,,2.34,2.36,3.08,,,2.73,3.35,2.2,,1.77,1.94,3.03,-,2.18
01/03/2006,2.45,,,4,1.36,2.29,2.33,2.33,2.4,2.51,2.59,2.46,2.58,,5.18,,1.67,,,2.3,2.21,2.92,,,2.72,3.27,2.21,,1.45,1.87,3.02,-,2.02
01/02/2006,2.22,,,4.03,1.33,2.21,2.09,2.18,2.2,2.36,2.42,2.32,2.45,,5.31,,1.62,,,2.17,2.23,3.07,,,2.61,3.51,2.03,,1.47,1.78,3.23,-,1.79
01/01/2006,2.18,,,4.08,1.37,2.16,2.06,2.16,2.17,2.35,2.36,2.29,2.44,,6,,1.61,,,2.1,2.2,3.12,,,2.56,3.64,1.99,,1.25,1.74,3.3,-,1.83
01/12/2005,2.19,,,4.14,1.36,2.06,2,2.16,2.1,2.3,2.34,2.27,2.39,,5.31,,1.57,,,2.07,1.99,3.08,,,2.48,3.57,1.98,,1.02,1.64,3.3,-,1.91
01/11/2005,2.02,,,4.18,1.35,1.92,1.87,1.98,1.99,2.16,2.2,2.13,2.27,,5.25,,1.52,,,1.91,2.01,2.79,,,2.39,3.64,1.94,,0.91,1.61,3.29,-,1.91
01/10/2005,1.94,,,4.21,1.15,1.89,1.86,1.98,1.96,2.09,2.05,2.13,2.22,,5.15,,1.5,,,1.81,1.92,2.73,,,2.31,3.62,1.89,,0.93,1.55,3.32,-,1.93
01/09/2005,1.92,,,4.25,1.13,1.89,1.86,2,2,2.07,2.03,2.14,2.19,,5.35,,1.51,,,1.81,1.82,2.76,,,2.3,3.73,1.87,,0.97,1.57,3.34,-,2
01/08/2005,1.89,,,4.3,1.13,1.88,1.85,1.99,1.98,2.08,2.03,2.13,2.19,,5.76,,1.48,,,1.78,1.96,2.84,,,2.32,3.88,1.84,,0.78,1.67,3.32,-,2
01/07/2005,1.94,,,4.34,1.12,1.88,1.85,2,1.92,1.99,2,2.15,2.2,,5.91,,1.51,,,1.79,2,2.93,,,2.37,3.99,1.86,,,1.61,3.34,-,1.95
01/06/2005,1.95,,,4.37,1.11,1.89,1.85,2.08,1.97,2.03,2.01,2.22,2.21,,6.26,,1.5,,,1.91,2.04,3.13,,,2.34,4.33,1.82,,,1.74,3.34,-,2.02
01/05/2005,1.93,,,4.6,1.13,1.89,1.85,2.07,1.87,2.01,2.01,2.2,2.2,,6.74,,1.49,,,1.84,1.8,2.87,,,2.38,4.47,1.81,,,1.48,3.46,-,1.95
01/04/2005,1.94,,,4.97,1.35,1.88,1.83,2.13,1.99,2.02,2.01,2.13,2.22,,6.96,,1.47,,,1.88,2.06,3.29,,,2.34,4.77,1.87,,,,,-,1.69
01/03/2005,1.94,,,4.98,1.51,1.91,1.85,2.14,2.02,2.01,2.02,2.09,2.22,,7.36,,1.5,,,1.83,2.24,3.42,,,2.31,5.11,1.84,,,,,-,1.71
01/02/2005,1.96,,,4.95,1.55,1.93,1.84,2.13,1.99,2.03,2.02,2.11,2.19,,7.99,,1.51,,,1.87,2.2,3.36,,,2.24,5.18,1.85,,,,,-,1.82
01/01/2005,1.94,,,4.96,1.77,1.93,1.86,2.15,1.97,2.01,2.03,2.12,2.25,,8.53,,1.5,,,1.84,2.24,3.75,,,2.31,5.3,1.87,,,,,-,2.39
01/12/2004,1.98,,,4.74,1.76,1.9,1.85,,2.02,2.06,2.04,2.09,2.3,,9.03,,1.48,,,1.87,2.31,3.92,,,2.35,,1.89,,,,,-,2.32
01/11/2004,1.93,,,4.74,1.77,1.92,1.87,,2.03,2.06,2.02,2.13,2.36,,9.41,,1.49,,,1.81,2.25,3.73,,,2.32,,1.88,,,,,-,2.56
01/10/2004,1.91,,,4.71,1.77,1.92,1.85,,2.03,2.04,1.98,2.11,2.35,,9.73,,1.49,,,1.79,2.12,3.45,,,2.29,,1.83,,,,,-,2.62
01/09/2004,1.9,,,4.67,1.75,1.89,1.84,,2.04,1.96,1.97,2.05,2.33,,9.75,,1.49,,,1.78,2.27,3.42,,,2.29,,1.82,,,,,-,2.59
01/08/2004,1.87,,,4.63,1.62,1.96,1.85,,2.07,1.99,1.96,2.07,2.31,,9.97,,1.5,,,1.75,2.19,3.39,,,2.3,,1.76,,,,,-,2.62
01/07/2004,1.89,,,4.59,1.51,1.9,1.86,,1.77,1.98,1.95,2.17,2.32,,9.98,,1.48,,,1.77,2.18,3.55,,,2.25,,1.81,,,,,-,2.42
01/06/2004,1.89,,,4.56,1.33,1.88,1.84,,2.03,1.96,1.97,1.9,2.29,,9.96,,1.48,,,1.77,2.41,3.85,,,2.36,,1.78,,,,,-,2.57
01/05/2004,1.86,,,4.44,1.11,1.88,1.84,,1.99,1.84,1.96,2,2.24,,10.07,,1.47,,,1.75,2.31,3.45,,,2.33,,1.79,,,,,-,3.07
01/04/2004,1.93,,,3.86,1.27,2.01,1.83,,1.96,1.89,1.9,2.05,2.26,,10.51,,1.46,,,1.74,2.24,3.49,,,2.32,,1.75,,,,,-,3.05
01/03/2004,1.89,,,3.9,1.25,2.03,1.83,,1.99,1.88,1.89,2.05,2.29,,10.83,,1.48,,,1.73,2.05,2.98,,,2.36,,1.8,,,,,-,3.28
01/02/2004,1.89,,,3.88,1.23,1.95,1.87,,1.94,1.94,1.92,2.07,2.18,,11.05,,1.51,,,1.76,2.05,2.75,,,2.29,,1.83,,,,,-,3.28
01/01/2004,1.95,,,3.9,1.27,1.92,1.84,,1.96,1.93,1.94,2.05,2.26,,10.88,,1.5,,,1.78,2.42,3.19,,,2.25,,1.9,,,,,-,3.4
01/12/2003,1.9,,,3.92,,1.89,1.85,,2.03,1.88,1.98,2.16,2.22,,10.52,,1.47,,,1.81,,,,,2.38,,1.85,,,,,,
01/11/2003,1.88,,,3.95,,1.89,1.83,,2,1.84,1.97,2.02,2.29,,8.08,,1.5,,,1.75,,,,,2.31,,1.82,,,,,,
01/10/2003,1.86,,,3.97,,1.94,1.88,,1.93,1.81,1.95,2.08,2.27,,7.9,,1.5,,,1.81,,,,,2.4,,1.86,,,,,,
01/09/2003,1.83,,,4,,1.88,1.85,,1.99,1.85,1.96,2.02,2.3,,7.67,,1.48,,,1.84,,,,,2.38,,1.84,,,,,,
01/08/2003,1.83,,,4.03,,2.07,1.83,,1.98,1.89,1.96,2.03,2.29,,7.15,,1.49,,,1.8,,,,,2.37,,1.73,,,,,,
01/07/2003,1.94,,,4.06,,1.98,1.84,,1.93,1.96,1.93,2.01,2.38,,7.18,,1.49,,,1.85,,,,,2.38,,1.81,,,,,,
01/06/2003,1.97,,,4.1,,2.13,2.01,,2.02,1.94,2.01,2.33,2.44,,5.9,,1.59,,,1.88,,,,,2.39,,1.95,,,,,,
01/05/2003,2.22,,,4.14,,2.29,2.34,,2.21,2.13,2.31,2.54,2.61,,5.24,,1.79,,,2.19,,,,,2.72,,2.07,,,,,,
01/04/2003,2.28,,,4.18,,2.3,2.41,,2.3,2.16,2.36,2.6,2.7,,5.11,,1.8,,,2.23,,,,,2.72,,2.11,,,,,,
01/03/2003,2.33,,,4.83,,2.37,2.52,,2.33,2.36,2.41,2.64,2.68,,4.98,,1.88,,,2.31,,,,,2.81,,2.17,,,,,,
01/02/2003,2.45,,,4.85,,2.42,2.55,,2.57,2.48,2.58,2.72,2.73,,5.12,,2.03,,,2.43,,,,,2.75,,2.3,,,,,,
01/01/2003,2.51,,,4.88,,2.6,2.62,,2.57,2.68,2.65,2.73,2.83,,6.18,,2.07,,,2.48,,,,,2.99,,2.38,,,,,,
01/12/2002,2.52,2.57,,4.98,,2.69,,,2.68,2.71,2.74,2.95,2.93,,,,2.24,,,2.48,,,,,2.86,,2.6,,,,,,
01/11/2002,2.76,2.73,,5.29,,2.96,,,2.67,2.93,2.83,3.13,3.15,,,,2.36,,,2.67,,,,,2.96,,2.7,,,,,,
01/10/2002,2.75,2.92,,5.33,,3.04,,,2.96,3,2.86,3.27,3.17,,,,2.4,,,2.67,,,,,2.96,,2.8,,,,,,
01/09/2002,2.8,2.98,,5.33,,3.06,,,2.62,2.98,2.89,3.32,3.13,,,,2.43,,,2.67,,,,,3.01,,2.7,,,,,,
01/08/2002,2.88,3.02,,5.3,,3.1,,,2.91,3.08,2.91,3.36,2.97,,,,2.46,,,3.04,,,,,3.11,,2.7,,,,,,
01/07/2002,2.94,3.07,,5.3,,3.14,,,2.66,3.08,2.93,3.42,2.99,,,,2.48,,,3.04,,,,,3.26,,2.9,,,,,,
01/06/2002,2.97,3.14,,5.3,,3.16,,,3.01,2.95,2.9,3.47,3.01,,,,2.5,,,3.04,,,,,3.26,,2.8,,,,,,
01/05/2002,2.93,3.16,,5.24,,3.12,,,2.68,3.02,2.88,3.48,3.16,,,,2.49,,,2.91,,,,,3.26,,2.8,,,,,,
01/04/2002,2.86,3.09,,5.24,,3.11,,,2.94,3.04,2.84,3.42,3.1,,,,2.47,,,2.91,,,,,3.26,,2.8,,,,,,
01/03/2002,2.82,3.09,,5.24,,3.1,,,2.67,2.99,2.85,3.4,3.01,,,,2.48,,,2.91,,,,,3.21,,2.7,,,,,,
01/02/2002,2.8,3.04,,5.41,,3.07,,,2.86,2.93,2.83,3.37,2.89,,,,2.48,,,2.77,,,,,3.06,,2.7,,,,,,
01/01/2002,2.77,3.03,,5.41,,3.09,,,3.23,2.97,2.9,3.35,2.88,,,,2.49,,,2.77,,,,,3.01,,2.7,,,,,,
01/12/2001,2.77,3,,5.4,,3.11,,,2.68,2.96,2.95,3.35,2.65,,,,2.49,,,2.77,,,,,2.96,,2.7,,,,,,
01/11/2001,2.85,3.06,,5.38,,3.16,,,3.11,3.07,3.03,3.39,2.76,,,,2.62,,,2.97,,,,,2.86,,2.8,,,,,,
01/10/2001,3.04,3.14,,5.93,,3.49,,,3.21,3.35,3.11,3.61,2.98,,,,2.83,,,2.97,,,,,3.11,,3,,,,,,
01/09/2001,3.15,3.31,,5.93,,3.88,,,3.43,3.66,3.22,3.99,3.05,,,,3.14,,,2.97,,,,,3.11,,3.2,,,,,,
01/08/2001,3.33,3.85,,6.56,,4.2,,,3.88,3.95,3.28,4.36,3.45,,,,3.27,,,3.55,,,,,3.36,,3.4,,,,,,
01/07/2001,3.24,3.95,,7.11,,4.28,,,3.49,3.99,3.25,4.48,3.55,,,,3.32,,,3.55,,,,,3.55,,3.4,,,,,,
01/06/2001,3.27,4.02,,7.11,,4.29,,,3.68,4.01,3.26,4.46,3.57,,,,3.35,,,3.55,,,,,3.6,,3.5,,,,,,
01/05/2001,3.26,4.09,,7.11,,4.42,,,3.83,4.17,3.25,4.65,3.64,,,,3.39,,,3.7,,,,,3.55,,3.6,,,,,,
01/04/2001,3.36,4.29,,7.11,,4.46,,,3.97,4.13,3.22,4.69,3.62,,,,3.47,,,3.7,,,,,3.51,,3.5,,,,,,
01/03/2001,3.39,4.15,,7.11,,4.53,,,4.07,4.2,3.2,4.72,3.71,,,,3.45,,,3.7,,,,,3.65,,3.6,,,,,,
01/02/2001,3.42,4.3,,7.11,,4.48,,,4.14,4.44,3.16,4.77,3.74,,,,3.43,,,3.87,,,,,3.65,,3.5,,,,,,
01/01/2001,3.55,4.32,,7.11,,4.54,,,3.96,4.27,3.12,4.78,3.84,,,,3.41,,,3.87,,,,,3.7,,3.5,,,,,,
01/12/2000,3.62,4.38,,,,4.68,,,3.96,4.3,3.02,4.95,4.7,,,,3.44,,,3.87,,,,,3.9,,3.6,,,,,,
01/11/2000,3.5,4.54,,,,4.72,,,4.88,4.14,2.86,5.1,5.4,,,,3.44,,,4.12,,,,,4.2,,3.6,,,,,,
01/10/2000,3.45,4.51,,,,4.62,,,4.36,4.08,2.78,5.05,5.6,,,,3.35,,,4.12,,,,,4.2,,3.4,,,,,,
01/09/2000,3.29,4.39,,,,4.47,,,4.73,3.92,2.73,4.86,5.8,,,,3.18,,,4.12,,,,,4.25,,3.3,,,,,,
01/08/2000,3.2,4.34,,,,4.29,,,4.44,3.71,2.58,4.79,6,,,,3.06,,,3.66,,,,,4.2,,3.2,,,,,,
01/07/2000,3.1,4.06,,,,4.2,,,4.66,3.7,2.48,4.59,6,,,,3,,,3.66,,,,,4.05,,3.2,,,,,,
01/06/2000,2.94,4.02,,,,4.09,,,4.49,3.52,2.41,4.51,6.1,,,,2.83,,,3.66,,,,,3.95,,3.1,,,,,,
01/05/2000,2.76,3.97,,,,3.83,,,4.63,3.32,2,4.37,6.2,,,,2.68,,,3.33,,,,,3.9,,2.9,,,,,,
01/04/2000,2.82,3.61,,,,3.51,,,4,3.22,2,3.93,6.3,,,,2.56,,,3.33,,,,,3.55,,2.7,,,,,,
01/03/2000,2.7,3.4,,,,3.4,,,3.63,2.99,2,3.76,6.6,,,,2.49,,,3.33,,,,,3.51,,2.6,,,,,,
01/02/2000,2.68,3.31,,,,3.23,,,3.46,2.66,2,3.55,7,,,,2.42,,,2.97,,,,,3.46,,2.5,,,,,,
01/01/2000,2.65,3.15,,,,3.17,,,3.47,2.48,2,3.35,7.7,,,,2.38,,,2.97,,,,,3.46,,2.5,,,,,,
01/12/1999,,-,,,,,,,,,,,,,,,,,,3.02,,,,,,,,,,,,,
01/11/1999,,-,,,,,,,,,,,,,,,,,,2.53,,,,,,,,,,,,,
01/10/1999,,-,,,,,,,,,,,,,,,,,,2.53,,,,,,,,,,,,,
01/09/1999,,-,,,,,,,,,,,,,,,,,,2.53,,,,,,,,,,,,,
01/08/1999,,-,,,,,,,,,,,,,,,,,,2.23,,,,,,,,,,,,,
01/07/1999,,-,,,,,,,,,,,,,,,,,,2.23,,,,,,,,,,,,,
01/06/1999,,-,,,,,,,,,,,,,,,,,,2.23,,,,,,,,,,,,,
01/05/1999,,-,,,,,,,,,,,,,,,,,,2.35,,,,,,,,,,,,,
01/04/1999,,-,,,,,,,,,,,,,,,,,,2.35,,,,,,,,,,,,,
01/03/1999,,-,,,,,,,,,,,,,,,,,,2.35,,,,,,,,,,,,,
01/02/1999,,-,,,,,,,,,,,,,,,,,,2.55,,,,,,,,,,,,,
01/01/1999,,-,,,,,,,,,,,,,,,,,,2.55,,,,,,,,,,,,,
01/12/1998,,-,,,,,,,,,,,,,,,,,,2.55,,,,,,,,,,,,,
01/11/1998,,-,,,,,,,,,,,,,,,,,,3.3,,,,,,,,,,,,,
01/10/1998,,-,,,,,,,,,,,,,,,,,,3.3,,,,,,,,,,,,,
01/09/1998,,-,,,,,,,,,,,,,,,,,,3.3,,,,,,,,,,,,,
01/08/1998,,-,,,,,,,,,,,,,,,,,,3.5,,,,,,,,,,,,,
01/07/1998,,-,,,,,,,,,,,,,,,,,,3.5,,,,,,,,,,,,,
01/06/1998,,-,,,,,,,,,,,,,,,,,,3.5,,,,,,,,,,,,,
01/05/1998,,-,,,,,,,,,,,,,,,,,,3.15,,,,,,,,,,,,,
01/04/1998,,-,,,,,,,,,,,,,,,,,,3.15,,,,,,,,,,,,,
01/03/1998,,-,,,,,,,,,,,,,,,,,,3.15,,,,,,,,,,,,,
01/02/1998,,-,,,,,,,,,,,,,,,,,,3.16,,,,,,,,,,,,,
01/01/1998,,-,,,,,,,,,,,,,,,,,,3.16,,,,,,,,,,,,,
01/12/1997,,-,,,,,,,,,,,,,,,,,,3.16,,,,,,,,,,,,,
01/11/1997,,-,,,,,,,,,,,,,,,,,,3.04,,,,,,,,,,,,,
01/10/1997,,-,,,,,,,,,,,,,,,,,,3.04,,,,,,,,,,,,,
01/09/1997,,-,,,,,,,,,,,,,,,,,,3.04,,,,,,,,,,,,,
01/08/1997,,-,,,,,,,,,,,,,,,,,,2.58,,,,,,,,,,,,,
01/07/1997,,-,,,,,,,,,,,,,,,,,,2.58,,,,,,,,,,,,,
01/06/1997,,-,,,,,,,,,,,,,,,,,,2.58,,,,,,,,,,,,,
01/05/1997,,-,,,,,,,,,,,,,,,,,,2.72,,,,,,,,,,,,,
01/04/1997,,-,,,,,,,,,,,,,,,,,,2.72,,,,,,,,,,,,,
01/03/1997,,-,,,,,,,,,,,,,,,,,,2.72,,,,,,,,,,,,,
01/02/1997,,-,,,,,,,,,,,,,,,,,,2.53,,,,,,,,,,,,,
01/01/1997,,-,,,,,,,,,,,,,,,,,,2.53,,,,,,,,,,,,,
01/12/1996,,-,,,,,,,,,,,,,,,,,,2.53,,,,,,,,,,,,,
01/11/1996,,-,,,,,,,,,,,,,,,,,,2.49,,,,,,,,,,,,,
01/10/1996,,-,,,,,,,,,,,,,,,,,,2.49,,,,,,,,,,,,,
01/09/1996,,-,,,,,,,,,,,,,,,,,,2.49,,,,,,,,,,,,,
01/08/1996,,-,,,,,,,,,,,,,,,,,,2.86,,,,,,,,,,,,,
01/07/1996,,-,,,,,,,,,,,,,,,,,,2.86,,,,,,,,,,,,,
01/06/1996,,-,,,,,,,,,,,,,,,,,,2.86,,,,,,,,,,,,,
01/05/1996,,-,,,,,,,,,,,,,,,,,,2.81,,,,,,,,,,,,,
01/04/1996,,-,,,,,,,,,,,,,,,,,,2.81,,,,,,,,,,,,,
01/03/1996,,-,,,,,,,,,,,,,,,,,,2.81,,,,,,,,,,,,,
01/02/1996,,-,,,,,,,,,,,,,,,,,,3.21,,,,,,,,,,,,,
01/01/1996,,-,,,,,,,,,,,,,,,,,,3.21,,,,,,,,,,,,,
01/12/1995,,-,,,,,,,,,,,,,,,,,,3.21,,,,,,,,,,,,,
01/11/1995,,-,,,,,,,,,,,,,,,,,,3.96,,,,,,,,,,,,,
01/10/1995,,-,,,,,,,,,,,,,,,,,,3.96,,,,,,,,,,,,,
01/09/1995,,-,,,,,,,,,,,,,,,,,,3.96,,,,,,,,,,,,,
01/08/1995,,-,,,,,,,,,,,,,,,,,,4.45,,,,,,,,,,,,,
01/07/1995,,-,,,,,,,,,,,,,,,,,,4.45,,,,,,,,,,,,,
01/06/1995,,-,,,,,,,,,,,,,,,,,,4.45,,,,,,,,,,,,,
01/05/1995,,-,,,,,,,,,,,,,,,,,,5.61,,,,,,,,,,,,,
01/04/1995,,-,,,,,,,,,,,,,,,,,,5.61,,,,,,,,,,,,,
01/03/1995,,-,,,,,,,,,,,,,,,,,,5.61,,,,,,,,,,,,,
01/02/1995,,-,,,,,,,,,,,,,,,,,,5.31,,,,,,,,,,,,,
01/01/1995,,-,,,,,,,,,,,,,,,,,,5.31,,,,,,,,,,,,,
01/12/1994,,-,,,,,,,,,,,,,,,,,,5.31,,,,,,,,,,,,,
01/11/1994,,-,,,,,,,,,,,,,,,,,,5.31,,,,,,,,,,,,,
01/10/1994,,-,,,,,,,,,,,,,,,,,,5.31,,,,,,,,,,,,,
01/09/1994,,-,,,,,,,,,,,,,,,,,,5.31,,,,,,,,,,,,,
01/08/1994,,-,,,,,,,,,,,,,,,,,,4.98,,,,,,,,,,,,,
01/07/1994,,-,,,,,,,,,,,,,,,,,,4.98,,,,,,,,,,,,,
01/06/1994,,-,,,,,,,,,,,,,,,,,,4.98,,,,,,,,,,,,,
01/05/1994,,-,,,,,,,,,,,,,,,,,,5,,,,,,,,,,,,,
01/04/1994,,-,,,,,,,,,,,,,,,,,,5,,,,,,,,,,,,,
01/03/1994,,-,,,,,,,,,,,,,,,,,,5,,,,,,,,,,,,,
01/02/1994,,-,,,,,,,,,,,,,,,,,,,,,,,,,,,,,,,
01/01/1994,,-,,,,,,,,,,,,,,,,,,,,,,,,,,,,,,,
01/12/1993,,-,,,,,,,,,,,,,,,,,,,,,,,,,,,,,,,
01/11/1993,,-,,,,,,,,,,,,,,,,,,,,,,,,,,,,,,,
01/10/1993,,-,,,,,,,,,,,,,,,,,,,,,,,,,,,,,,,
01/09/1993,,-,,,,,,,,,,,,,,,,,,,,,,,,,,,,,,,
01/08/1993,,-,,,,,,,,,,,,,,,,,,,,,,,,,,,,,,,
01/07/1993,,-,,,,,,,,,,,,,,,,,,,,,,,,,,,,,,,
01/06/1993,,-,,,,,,,,,,,,,,,,,,,,,,,,,,,,,,,
01/05/1993,,-,,,,,,,,,,,,,,,,,,,,,,,,,,,,,,,
01/04/1993,,-,,,,,,,,,,,,,,,,,,,,,,,,,,,,,,,
01/03/1993,,-,,,,,,,,,,,,,,,,,,,,,,,,,,,,,,,
01/02/1993,,-,,,,,,,,,,,,,,,,,,,,,,,,,,,,,,,
01/01/1993,,-,,,,,,,,,,,,,,,,,,,,,,,,,,,,,,,
01/12/1992,,-,,,,,,,,,,,,,,,,,,,,,,,,,,,,,,,
01/11/1992,,-,,,,,,,,,,,,,,,,,,,,,,,,,,,,,,,
01/10/1992,,-,,,,,,,,,,,,,,,,,,,,,,,,,,,,,,,
01/09/1992,,-,,,,,,,,,,,,,,,,,,,,,,,,,,,,,,,
01/08/1992,,-,,,,,,,,,,,,,,,,,,,,,,,,,,,,,,,
01/07/1992,,-,,,,,,,,,,,,,,,,,,,,,,,,,,,,,,,
01/06/1992,,-,,,,,,,,,,,,,,,,,,,,,,,,,,,,,,,
01/05/1992,,-,,,,,,,,,,,,,,,,,,,,,,,,,,,,,,,
01/04/1992,,-,,,,,,,,,,,,,,,,,,,,,,,,,,,,,,,
01/03/1992,,-,,,,,,,,,,,,,,,,,,,,,,,,,,,,,,,
01/02/1992,,-,,,,,,,,,,,,,,,,,,,,,,,,,,,,,,,
01/01/1992,,-,,,,,,,,,,,,,,,,,,,,,,,,,,,,,,,
01/12/1991,,-,,,,,,,,,,,,,,,,,,,,,,,,,,,,,,,
01/11/1991,,-,,,,,,,,,,,,,,,,,,,,,,,,,,,,,,,
01/10/1991,,-,,,,,,,,,,,,,,,,,,,,,,,,,,,,,,,
01/09/1991,,-,,,,,,,,,,,,,,,,,,,,,,,,,,,,,,,
01/08/1991,,-,,,,,,,,,,,,,,,,,,,,,,,,,,,,,,,
01/07/1991,,-,,,,,,,,,,,,,,,,,,,,,,,,,,,,,,,
01/06/1991,,-,,,,,,,,,,,,,,,,,,,,,,,,,,,,,,,
01/05/1991,,-,,,,,,,,,,,,,,,,,,,,,,,,,,,,,,,
01/04/1991,,-,,,,,,,,,,,,,,,,,,,,,,,,,,,,,,,
01/03/1991,,-,,,,,,,,,,,,,,,,,,,,,,,,,,,,,,,
01/02/1991,,-,,,,,,,,,,,,,,,,,,,,,,,,,,,,,,,
01/01/1991,,-,,,,,,,,,,,,,,,,,,,,,,,,,,,,,,,
01/12/1990,,-,,,,,,,,,,,,,,,,,,,,,,,,,,,,,,,
01/11/1990,,-,,,,,,,,,,,,,,,,,,,,,,,,,,,,,,,
01/10/1990,,-,,,,,,,,,,,,,,,,,,,,,,,,,,,,,,,
01/09/1990,,-,,,,,,,,,,,,,,,,,,,,,,,,,,,,,,,
01/08/1990,,-,,,,,,,,,,,,,,,,,,,,,,,,,,,,,,,
01/07/1990,,-,,,,,,,,,,,,,,,,,,,,,,,,,,,,,,,
01/06/1990,,-,,,,,,,,,,,,,,,,,,,,,,,,,,,,,,,
01/05/1990,,-,,,,,,,,,,,,,,,,,,,,,,,,,,,,,,,
01/04/1990,,-,,,,,,,,,,,,,,,,,,,,,,,,,,,,,,,
01/03/1990,,-,,,,,,,,,,,,,,,,,,,,,,,,,,,,,,,
01/02/1990,,-,,,,,,,,,,,,,,,,,,,,,,,,,,,,,,,
01/01/1990,,-,,,,,,,,,,,,,,,,,,,,,,,,,,,,,,,
01/12/1989,,-,,,,,,,,,,,,,,,,,,,,,,,,,,,,,,,
01/11/1989,,-,,,,,,,,,,,,,,,,,,,,,,,,,,,,,,,
01/10/1989,,-,,,,,,,,,,,,,,,,,,,,,,,,,,,,,,,
01/09/1989,,-,,,,,,,,,,,,,,,,,,,,,,,,,,,,,,,
01/08/1989,,-,,,,,,,,,,,,,,,,,,,,,,,,,,,,,,,
01/07/1989,,-,,,,,,,,,,,,,,,,,,,,,,,,,,,,,,,
01/06/1989,,-,,,,,,,,,,,,,,,,,,,,,,,,,,,,,,,
01/05/1989,,-,,,,,,,,,,,,,,,,,,,,,,,,,,,,,,,
01/04/1989,,-,,,,,,,,,,,,,,,,,,,,,,,,,,,,,,,
01/03/1989,,-,,,,,,,,,,,,,,,,,,,,,,,,,,,,,,,
01/02/1989,,-,,,,,,,,,,,,,,,,,,,,,,,,,,,,,,,
01/01/1989,,-,,,,,,,,,,,,,,,,,,,,,,,,,,,,,,,
01/12/1988,,-,,,,,,,,,,,,,,,,,,,,,,,,,,,,,,,
01/11/1988,,-,,,,,,,,,,,,,,,,,,,,,,,,,,,,,,,
01/10/1988,,-,,,,,,,,,,,,,,,,,,,,,,,,,,,,,,,
01/09/1988,,-,,,,,,,,,,,,,,,,,,,,,,,,,,,,,,,
01/08/1988,,-,,,,,,,,,,,,,,,,,,,,,,,,,,,,,,,
01/07/1988,,-,,,,,,,,,,,,,,,,,,,,,,,,,,,,,,,
01/06/1988,,-,,,,,,,,,,,,,,,,,,,,,,,,,,,,,,,
01/05/1988,,-,,,,,,,,,,,,,,,,,,,,,,,,,,,,,,,
01/04/1988,,-,,,,,,,,,,,,,,,,,,,,,,,,,,,,,,,
01/03/1988,,-,,,,,,,,,,,,,,,,,,,,,,,,,,,,,,,
01/02/1988,,-,,,,,,,,,,,,,,,,,,,,,,,,,,,,,,,
01/01/1988,,-,,,,,,,,,,,,,,,,,,,,,,,,,,,,,,,
01/12/1987,,-,,,,,,,,,,,,,,,,,,,,,,,,,,,,,,,
01/11/1987,,-,,,,,,,,,,,,,,,,,,,,,,,,,,,,,,,
01/10/1987,,-,,,,,,,,,,,,,,,,,,,,,,,,,,,,,,,
01/09/1987,,-,,,,,,,,,,,,,,,,,,,,,,,,,,,,,,,
01/08/1987,,-,,,,,,,,,,,,,,,,,,,,,,,,,,,,,,,
01/07/1987,,-,,,,,,,,,,,,,,,,,,,,,,,,,,,,,,,
01/06/1987,,-,,,,,,,,,,,,,,,,,,,,,,,,,,,,,,,
01/05/1987,,-,,,,,,,,,,,,,,,,,,,,,,,,,,,,,,,
01/04/1987,,-,,,,,,,,,,,,,,,,,,,,,,,,,,,,,,,
01/03/1987,,-,,,,,,,,,,,,,,,,,,,,,,,,,,,,,,,
01/02/1987,,-,,,,,,,,,,,,,,,,,,,,,,,,,,,,,,,
01/01/1987,,-,,,,,,,,,,,,,,,,,,,,,,,,,,,,,,,
01/12/1986,,-,,,,,,,,,,,,,,,,,,,,,,,,,,,,,,,
01/11/1986,,-,,,,,,,,,,,,,,,,,,,,,,,,,,,,,,,
01/10/1986,,-,,,,,,,,,,,,,,,,,,,,,,,,,,,,,,,
01/09/1986,,-,,,,,,,,,,,,,,,,,,,,,,,,,,,,,,,
01/08/1986,,-,,,,,,,,,,,,,,,,,,,,,,,,,,,,,,,
01/07/1986,,-,,,,,,,,,,,,,,,,,,,,,,,,,,,,,,,
01/06/1986,,-,,,,,,,,,,,,,,,,,,,,,,,,,,,,,,,
01/05/1986,,-,,,,,,,,,,,,,,,,,,,,,,,,,,,,,,,
01/04/1986,,-,,,,,,,,,,,,,,,,,,,,,,,,,,,,,,,
01/03/1986,,-,,,,,,,,,,,,,,,,,,,,,,,,,,,,,,,
01/02/1986,,-,,,,,,,,,,,,,,,,,,,,,,,,,,,,,,,
01/01/1986,,-,,,,,,,,,,,,,,,,,,,,,,,,,,,,,,,
01/12/1985,,-,,,,,,,,,,,,,,,,,,,,,,,,,,,,,,,
01/11/1985,,-,,,,,,,,,,,,,,,,,,,,,,,,,,,,,,,
01/10/1985,,-,,,,,,,,,,,,,,,,,,,,,,,,,,,,,,,
01/09/1985,,-,,,,,,,,,,,,,,,,,,,,,,,,,,,,,,,
01/08/1985,,-,,,,,,,,,,,,,,,,,,,,,,,,,,,,,,,
01/07/1985,,-,,,,,,,,,,,,,,,,,,,,,,,,,,,,,,,
01/06/1985,,-,,,,,,,,,,,,,,,,,,,,,,,,,,,,,,,
01/05/1985,,-,,,,,,,,,,,,,,,,,,,,,,,,,,,,,,,
01/04/1985,,-,,,,,,,,,,,,,,,,,,,,,,,,,,,,,,,
01/03/1985,,-,,,,,,,,,,,,,,,,,,,,,,,,,,,,,,,
01/02/1985,,-,,,,,,,,,,,,,,,,,,,,,,,,,,,,,,,
01/01/1985,,-,,,,,,,,,,,,,,,,,,,,,,,,,,,,,,,
01/12/1984,,-,,,,,,,,,,,,,,,,,,,,,,,,,,,,,,,
01/11/1984,,-,,,,,,,,,,,,,,,,,,,,,,,,,,,,,,,
01/10/1984,,-,,,,,,,,,,,,,,,,,,,,,,,,,,,,,,,
01/09/1984,,-,,,,,,,,,,,,,,,,,,,,,,,,,,,,,,,
01/08/1984,,-,,,,,,,,,,,,,,,,,,,,,,,,,,,,,,,
01/07/1984,,-,,,,,,,,,,,,,,,,,,,,,,,,,,,,,,,
01/06/1984,,-,,,,,,,,,,,,,,,,,,,,,,,,,,,,,,,
01/05/1984,,-,,,,,,,,,,,,,,,,,,,,,,,,,,,,,,,
01/04/1984,,-,,,,,,,,,,,,,,,,,,,,,,,,,,,,,,,
01/03/1984,,-,,,,,,,,,,,,,,,,,,,,,,,,,,,,,,,
01/02/1984,,-,,,,,,,,,,,,,,,,,,,,,,,,,,,,,,,
01/01/1984,,-,,,,,,,,,,,,,,,,,,,,,,,,,,,,,,,
01/12/1983,,-,,,,,,,,,,,,,,,,,,,,,,,,,,,,,,,
01/11/1983,,-,,,,,,,,,,,,,,,,,,,,,,,,,,,,,,,
01/10/1983,,-,,,,,,,,,,,,,,,,,,,,,,,,,,,,,,,
01/09/1983,,-,,,,,,,,,,,,,,,,,,,,,,,,,,,,,,,
01/08/1983,,-,,,,,,,,,,,,,,,,,,,,,,,,,,,,,,,
01/07/1983,,-,,,,,,,,,,,,,,,,,,,,,,,,,,,,,,,
01/06/1983,,-,,,,,,,,,,,,,,,,,,,,,,,,,,,,,,,
01/05/1983,,-,,,,,,,,,,,,,,,,,,,,,,,,,,,,,,,
01/04/1983,,-,,,,,,,,,,,,,,,,,,,,,,,,,,,,,,,
01/03/1983,,-,,,,,,,,,,,,,,,,,,,,,,,,,,,,,,,
01/02/1983,,-,,,,,,,,,,,,,,,,,,,,,,,,,,,,,,,
01/01/1983,,-,,,,,,,,,,,,,,,,,,,,,,,,,,,,,,,
01/12/1982,,-,,,,,,,,,,,,,,,,,,,,,,,,,,,,,,,
01/11/1982,,-,,,,,,,,,,,,,,,,,,,,,,,,,,,,,,,
01/10/1982,,-,,,,,,,,,,,,,,,,,,,,,,,,,,,,,,,
01/09/1982,,-,,,,,,,,,,,,,,,,,,,,,,,,,,,,,,,
01/08/1982,,-,,,,,,,,,,,,,,,,,,,,,,,,,,,,,,,
01/07/1982,,-,,,,,,,,,,,,,,,,,,,,,,,,,,,,,,,
01/06/1982,,-,,,,,,,,,,,,,,,,,,,,,,,,,,,,,,,
01/05/1982,,-,,,,,,,,,,,,,,,,,,,,,,,,,,,,,,,
01/04/1982,,-,,,,,,,,,,,,,,,,,,,,,,,,,,,,,,,
01/03/1982,,-,,,,,,,,,,,,,,,,,,,,,,,,,,,,,,,
01/02/1982,,-,,,,,,,,,,,,,,,,,,,,,,,,,,,,,,,
01/01/1982,,-,,,,,,,,,,,,,,,,,,,,,,,,,,,,,,,
01/12/1981,,-,,,,,,,,,,,,,,,,,,,,,,,,,,,,,,,
01/11/1981,,-,,,,,,,,,,,,,,,,,,,,,,,,,,,,,,,
01/10/1981,,-,,,,,,,,,,,,,,,,,,,,,,,,,,,,,,,
01/09/1981,,-,,,,,,,,,,,,,,,,,,,,,,,,,,,,,,,
01/08/1981,,-,,,,,,,,,,,,,,,,,,,,,,,,,,,,,,,
01/07/1981,,-,,,,,,,,,,,,,,,,,,,,,,,,,,,,,,,
01/06/1981,,-,,,,,,,,,,,,,,,,,,,,,,,,,,,,,,,
01/05/1981,,-,,,,,,,,,,,,,,,,,,,,,,,,,,,,,,,
01/04/1981,,-,,,,,,,,,,,,,,,,,,,,,,,,,,,,,,,
01/03/1981,,-,,,,,,,,,,,,,,,,,,,,,,,,,,,,,,,
01/02/1981,,-,,,,,,,,,,,,,,,,,,,,,,,,,,,,,,,
01/01/1981,,-,,,,,,,,,,,,,,,,,,,,,,,,,,,,,,,
01/12/1980,,-,,,,,,,,,,,,,,,,,,,,,,,,,,,,,,,
01/11/1980,,-,,,,,,,,,,,,,,,,,,,,,,,,,,,,,,,
01/10/1980,,-,,,,,,,,,,,,,,,,,,,,,,,,,,,,,,,
01/09/1980,,-,,,,,,,,,,,,,,,,,,,,,,,,,,,,,,,
01/08/1980,,-,,,,,,,,,,,,,,,,,,,,,,,,,,,,,,,
01/07/1980,,-,,,,,,,,,,,,,,,,,,,,,,,,,,,,,,,
01/06/1980,,-,,,,,,,,,,,,,,,,,,,,,,,,,,,,,,,
01/05/1980,,-,,,,,,,,,,,,,,,,,,,,,,,,,,,,,,,
01/04/1980,,-,,,,,,,,,,,,,,,,,,,,,,,,,,,,,,,
01/03/1980,,-,,,,,,,,,,,,,,,,,,,,,,,,,,,,,,,
01/02/1980,,-,,,,,,,,,,,,,,,,,,,,,,,,,,,,,,,
01/01/1980,,-,,,,,,,,,,,,,,,,,,,,,,,,,,,,,,,
